{"cameraMode":{"drawMode":0,"name":"Shaded","section":"Shading Mode"},"sceneLighting":false,"audioPlay":false,"sceneViewState":{"m_AlwaysRefresh":false,"showFog":false,"showSkybox":false,"showFlares":false,"showImageEffects":false,"showParticleSystems":false,"showVisualEffectGraphs":true,"m_FxEnabled":true},"in2DMode":false,"pivot":{"x":0.40785253047943118,"y":1.759971022605896,"z":-0.0743260383605957},"rotation":{"x":-0.048628754913806918,"y":0.14691492915153504,"z":0.0073066530749201778,"w":0.9880037903785706},"size":1.0432069301605225,"orthographic":false}